{
    "name": "root",
    "gauges": {
        "Hider.Policy.Entropy.mean": {
            "value": 3.874459743499756,
            "min": 3.874459743499756,
            "max": 3.874459743499756,
            "count": 1
        },
        "Hider.Policy.Entropy.sum": {
            "value": 11352.1669921875,
            "min": 11352.1669921875,
            "max": 11352.1669921875,
            "count": 1
        },
        "Hider.Environment.SeekersMeanX.mean": {
            "value": -1.0520061444100348,
            "min": -1.0520061444100348,
            "max": -1.0520061444100348,
            "count": 1
        },
        "Hider.Environment.SeekersMeanX.sum": {
            "value": -7721.725099969655,
            "min": -7721.725099969655,
            "max": -7721.725099969655,
            "count": 1
        },
        "Hider.Environment.SeekersMeanZ.mean": {
            "value": 0.8160998670683732,
            "min": 0.8160998670683732,
            "max": 0.8160998670683732,
            "count": 1
        },
        "Hider.Environment.SeekersMeanZ.sum": {
            "value": 5990.173024281859,
            "min": 5990.173024281859,
            "max": 5990.173024281859,
            "count": 1
        },
        "Hider.Environment.HidersMeanX.mean": {
            "value": 3.0775978817469984,
            "min": 3.0775978817469984,
            "max": 3.0775978817469984,
            "count": 1
        },
        "Hider.Environment.HidersMeanX.sum": {
            "value": 22589.56845202297,
            "min": 22589.56845202297,
            "max": 22589.56845202297,
            "count": 1
        },
        "Hider.Environment.HidersMeanZ.mean": {
            "value": -5.305508033825689,
            "min": -5.305508033825689,
            "max": -5.305508033825689,
            "count": 1
        },
        "Hider.Environment.HidersMeanZ.sum": {
            "value": -38942.428968280554,
            "min": -38942.428968280554,
            "max": -38942.428968280554,
            "count": 1
        },
        "Hider.Environment.EpisodeLength.mean": {
            "value": 99.0,
            "min": 99.0,
            "max": 99.0,
            "count": 1
        },
        "Hider.Environment.EpisodeLength.sum": {
            "value": 990.0,
            "min": 990.0,
            "max": 990.0,
            "count": 1
        },
        "Hider.Environment.TimeHidden.mean": {
            "value": 0.4193333268165588,
            "min": 0.4193333268165588,
            "max": 0.4193333268165588,
            "count": 1
        },
        "Hider.Environment.TimeHidden.sum": {
            "value": 2.096666634082794,
            "min": 2.096666634082794,
            "max": 2.096666634082794,
            "count": 1
        },
        "Hider.Environment.LockedBoxes.mean": {
            "value": 1.0,
            "min": 1.0,
            "max": 1.0,
            "count": 1
        },
        "Hider.Environment.LockedBoxes.sum": {
            "value": 7.0,
            "min": 7.0,
            "max": 7.0,
            "count": 1
        },
        "Hider.Self-play.ELO.mean": {
            "value": 1557.7758091064063,
            "min": 1557.7758091064063,
            "max": 1557.7758091064063,
            "count": 1
        },
        "Hider.Self-play.ELO.sum": {
            "value": 15577.758091064063,
            "min": 15577.758091064063,
            "max": 15577.758091064063,
            "count": 1
        },
        "Hider.IsTraining.mean": {
            "value": 1.0,
            "min": 1.0,
            "max": 1.0,
            "count": 1
        },
        "Hider.IsTraining.sum": {
            "value": 1.0,
            "min": 1.0,
            "max": 1.0,
            "count": 1
        }
    },
    "metadata": {
        "timer_format_version": "0.1.0",
        "start_time_seconds": "1737480876",
        "python_version": "3.10.12 (main, Oct 23 2024, 17:55:59) [MSC v.1941 64 bit (AMD64)]",
        "command_line_arguments": "D:\\Projects\\ML_HideAndSeek\\venv\\Scripts\\mlagents-learn TrainerConfig/HiderVsSeekerPOCA.yaml --num-areas=5 --num-envs=4 --env=Builds/MA_POCA/ML_HideAndSeek.exe --time-scale=1 --no-graphics --run-id=BuildTraining/MA_POCA/5120_100000 --resume",
        "mlagents_version": "1.1.0",
        "mlagents_envs_version": "1.1.0",
        "communication_protocol_version": "1.5.0",
        "pytorch_version": "2.5.1+cu124",
        "numpy_version": "1.23.5",
        "end_time_seconds": "1737480928"
    },
    "total": 52.81340340001043,
    "count": 1,
    "self": 0.00993850000668317,
    "children": {
        "run_training.setup": {
            "total": 0.3116888999938965,
            "count": 1,
            "self": 0.3116888999938965
        },
        "TrainerController.start_learning": {
            "total": 52.49177600000985,
            "count": 1,
            "self": 0.019625200890004635,
            "children": {
                "TrainerController._reset_env": {
                    "total": 15.039399700064678,
                    "count": 2,
                    "self": 15.039399700064678
                },
                "TrainerController.advance": {
                    "total": 36.41622569906758,
                    "count": 718,
                    "self": 0.01925399899482727,
                    "children": {
                        "env_step": {
                            "total": 29.35453840025002,
                            "count": 718,
                            "self": 2.7452914000023156,
                            "children": {
                                "SubprocessEnvManager._take_step": {
                                    "total": 26.59695120010292,
                                    "count": 1801,
                                    "self": 0.21097600070061162,
                                    "children": {
                                        "TorchPolicy.evaluate": {
                                            "total": 26.38597519940231,
                                            "count": 3572,
                                            "self": 26.38597519940231
                                        }
                                    }
                                },
                                "workers": {
                                    "total": 0.012295800144784153,
                                    "count": 717,
                                    "self": 0.0,
                                    "children": {
                                        "worker_root": {
                                            "total": 147.3764432996977,
                                            "count": 1795,
                                            "is_parallel": true,
                                            "self": 121.96678359952057,
                                            "children": {
                                                "steps_from_proto": {
                                                    "total": 0.012334999919403344,
                                                    "count": 10,
                                                    "is_parallel": true,
                                                    "self": 0.001743199652992189,
                                                    "children": {
                                                        "_process_rank_one_or_two_observation": {
                                                            "total": 0.010591800266411155,
                                                            "count": 120,
                                                            "is_parallel": true,
                                                            "self": 0.010591800266411155
                                                        }
                                                    }
                                                },