{
    "name": "root",
    "gauges": {
        "Hider.Policy.Entropy.mean": {
            "value": 4.11221170425415,
            "min": 4.078202724456787,
            "max": 4.11221170425415,
            "count": 12
        },
        "Hider.Policy.Entropy.sum": {
            "value": 411221.1875,
            "min": 187638.109375,
            "max": 411221.1875,
            "count": 12
        },
        "Hider.Environment.SeekersMeanX.mean": {
            "value": 0.16029615366844832,
            "min": 0.007950582301272073,
            "max": 0.44516931436982005,
            "count": 12
        },
        "Hider.Environment.SeekersMeanX.sum": {
            "value": 40074.03841711208,
            "min": 914.5157292038202,
            "max": 111292.32859245501,
            "count": 12
        },
        "Hider.Environment.SeekersMeanZ.mean": {
            "value": -0.4995993054144233,
            "min": -0.4995993054144233,
            "max": -0.15954707384096087,
            "count": 12
        },
        "Hider.Environment.SeekersMeanZ.sum": {
            "value": -124899.82635360584,
            "min": -124899.82635360584,
            "max": -39886.768460240215,
            "count": 12
        },
        "Hider.Environment.HidersMeanX.mean": {
            "value": 2.7409087528843283,
            "min": 2.722420341285281,
            "max": 3.043268165855959,
            "count": 12
        },
        "Hider.Environment.HidersMeanX.sum": {
            "value": 685227.1882210821,
            "min": 340265.2594437897,
            "max": 760817.0414639898,
            "count": 12
        },
        "Hider.Environment.HidersMeanZ.mean": {
            "value": -4.04703538184163,
            "min": -4.288685513152922,
            "max": -3.829232062982641,
            "count": 12
        },
        "Hider.Environment.HidersMeanZ.sum": {
            "value": -1011758.8454604074,
            "min": -1072192.8217157964,
            "max": -462536.8965438083,
            "count": 12
        },
        "Hider.Environment.EpisodeLength.mean": {
            "value": 99.0,
            "min": 99.0,
            "max": 99.0,
            "count": 12
        },
        "Hider.Environment.EpisodeLength.sum": {
            "value": 99000.0,
            "min": 45540.0,
            "max": 99000.0,
            "count": 12
        },
        "Hider.Environment.TimeHidden.mean": {
            "value": 0.4540999995749444,
            "min": 0.4364400008507073,
            "max": 0.4961014485796509,
            "count": 12
        },
        "Hider.Environment.TimeHidden.sum": {
            "value": 227.0499997874722,
            "min": 114.1033331733197,
            "max": 236.55666672997177,
            "count": 12
        },
        "Hider.Environment.LockedBoxes.mean": {
            "value": 1.0,
            "min": 1.0,
            "max": 1.0,
            "count": 12
        },
        "Hider.Environment.LockedBoxes.sum": {
            "value": 600.0,
            "min": 298.0,
            "max": 640.0,
            "count": 12
        },
        "Hider.Self-play.ELO.mean": {
            "value": 1586.6712166966875,
            "min": 1579.9558946098227,
            "max": 1596.6951466139076,
            "count": 12
        },
        "Hider.Self-play.ELO.sum": {
            "value": 1586671.2166966875,
            "min": 726779.7115205184,
            "max": 1596695.1466139075,
            "count": 12
        },
        "Hider.Step.mean": {
            "value": 66299900.0,
            "min": 65199900.0,
            "max": 66299900.0,
            "count": 12
        },
        "Hider.Step.sum": {
            "value": 66299900.0,
            "min": 65199900.0,
            "max": 66299900.0,
            "count": 12
        },
        "Hider.Policy.ExtrinsicBaselineEstimate.mean": {
            "value": -44.960296630859375,
            "min": -47.982322692871094,
            "max": -43.63915252685547,
            "count": 12
        },
        "Hider.Policy.ExtrinsicBaselineEstimate.sum": {
            "value": -44960.296875,
            "min": -47982.32421875,
            "max": -20227.69921875,
            "count": 12
        },
        "Hider.Policy.ExtrinsicValueEstimate.mean": {
            "value": -44.347312927246094,
            "min": -45.466400146484375,
            "max": -42.02996063232422,
            "count": 12
        },
        "Hider.Policy.ExtrinsicValueEstimate.sum": {
            "value": -44347.3125,
            "min": -45466.3984375,
            "max": -19711.193359375,
            "count": 12
        },
        "Hider.Environment.CumulativeReward.mean": {
            "value": -1.22,
            "min": -3.45,
            "max": 0.0,
            "count": 12
        },
        "Hider.Environment.CumulativeReward.sum": {
            "value": -1220.0,
            "min": -3450.0,
            "max": 0.0,
            "count": 12
        },
        "Hider.Policy.ExtrinsicReward.mean": {
            "value": -29.976,
            "min": -41.52,
            "max": -3.650655021834061,
            "count": 12
        },
        "Hider.Policy.ExtrinsicReward.sum": {
            "value": -29976.0,
            "min": -41520.0,
            "max": -1672.0,
            "count": 12
        },
        "Hider.Environment.GroupCumulativeReward.mean": {
            "value": -27.536,
            "min": -38.68,
            "max": -3.650655021834061,
            "count": 12
        },
        "Hider.Environment.GroupCumulativeReward.sum": {
            "value": -27536.0,
            "min": -38680.0,
            "max": -1672.0,
            "count": 12
        },
        "Hider.IsTraining.mean": {
            "value": 1.0,
            "min": 1.0,
            "max": 1.0,
            "count": 12
        },
        "Hider.IsTraining.sum": {
            "value": 1.0,
            "min": 1.0,
            "max": 1.0,
            "count": 12
        },
        "Hider.Losses.PolicyLoss.mean": {
            "value": 0.007789298612624407,
            "min": 0.007010851918797319,
            "max": 0.00973077987631162,
            "count": 11
        },
        "Hider.Losses.PolicyLoss.sum": {
            "value": 0.007789298612624407,
            "min": 0.007010851918797319,
            "max": 0.00973077987631162,
            "count": 11
        },
        "Hider.Losses.ValueLoss.mean": {
            "value": 2406.92587890625,
            "min": 2375.445458984375,
            "max": 2786.7431803385416,
            "count": 11
        },
        "Hider.Losses.ValueLoss.sum": {
            "value": 2406.92587890625,
            "min": 2375.445458984375,
            "max": 2786.7431803385416,
            "count": 11
        },
        "Hider.Losses.BaselineLoss.mean": {
            "value": 2510.0208984375,
            "min": 2465.333935546875,
            "max": 3126.8416829427083,
            "count": 11
        },
        "Hider.Losses.BaselineLoss.sum": {
            "value": 2510.0208984375,
            "min": 2465.333935546875,
            "max": 3126.8416829427083,
            "count": 11
        },
        "Hider.Policy.LearningRate.mean": {
            "value": 0.0003,
            "min": 0.0003,
            "max": 0.0003,
            "count": 11
        },
        "Hider.Policy.LearningRate.sum": {
            "value": 0.0003,
            "min": 0.0003,
            "max": 0.0003,
            "count": 11
        },
        "Hider.Policy.Epsilon.mean": {
            "value": 0.20000000000000007,
            "min": 0.20000000000000007,
            "max": 0.20000000000000007,
            "count": 11
        },
        "Hider.Policy.Epsilon.sum": {
            "value": 0.20000000000000007,
            "min": 0.20000000000000007,
            "max": 0.20000000000000007,
            "count": 11
        },
        "Hider.Policy.Beta.mean": {
            "value": 0.01,
            "min": 0.01,
            "max": 0.01,
            "count": 11
        },