{
    "name": "root",
    "gauges": {
        "HideAndSeek.Policy.Entropy.mean": {
            "value": 3.028935432434082,
            "min": 3.0044562816619873,
            "max": 3.0904932022094727,
            "count": 76
        },
        "HideAndSeek.Policy.Entropy.sum": {
            "value": 56274.58984375,
            "min": 10257.3466796875,
            "max": 70038.734375,
            "count": 76
        },
        "HideAndSeek.Environment.SeekersMeanX.mean": {
            "value": -0.02759163928377683,
            "min": -2.3576409388310275,
            "max": 1.7452311785569408,
            "count": 76
        },
        "HideAndSeek.Environment.SeekersMeanX.sum": {
            "value": -1251.8326743049547,
            "min": -115052.87781495415,
            "max": 91118.51983245788,
            "count": 76
        },
        "HideAndSeek.Environment.SeekersMeanZ.mean": {
            "value": -2.700777860935328,
            "min": -2.700777860935328,
            "max": 3.183924093771409,
            "count": 76
        },
        "HideAndSeek.Environment.SeekersMeanZ.sum": {
            "value": -122534.29155063583,
            "min": -122534.29155063583,
            "max": 143149.22725596256,
            "count": 76
        },
        "HideAndSeek.Environment.HidersMeanX.mean": {
            "value": 7.873810486906399,
            "min": -1.8852006985903138,
            "max": 8.626632349018722,
            "count": 76
        },
        "HideAndSeek.Environment.HidersMeanX.sum": {
            "value": 357234.78179094335,
            "min": -16797.138224439695,
            "max": 464371.61934767786,
            "count": 76
        },
        "HideAndSeek.Environment.HidersMeanZ.mean": {
            "value": -9.719463141035515,
            "min": -9.719463141035515,
            "max": 0.14790617995095826,
            "count": 76
        },
        "HideAndSeek.Environment.HidersMeanZ.sum": {
            "value": -440972.0427087813,
            "min": -511740.9705193676,
            "max": 1317.844063363038,
            "count": 76
        },
        "HideAndSeek.Environment.EpisodeLength.mean": {
            "value": 99.08247422680412,
            "min": 89.78082191780823,
            "max": 99.28140703517587,
            "count": 76
        },
        "HideAndSeek.Environment.EpisodeLength.sum": {
            "value": 19222.0,
            "min": 2842.0,
            "max": 21734.0,
            "count": 76
        },
        "HideAndSeek.Environment.TimeHidden.mean": {
            "value": 0.4847517737999876,
            "min": 0.2740000007674098,
            "max": 0.5588461591933782,
            "count": 76
        },
        "HideAndSeek.Environment.TimeHidden.sum": {
            "value": 45.56666673719883,
            "min": 5.280000023543835,
            "max": 60.226666674017906,
            "count": 76
        },
        "HideAndSeek.Self-play.ELO.mean": {
            "value": 1241.6113061620174,
            "min": 1205.178235681851,
            "max": 1363.3838029905344,
            "count": 76
        },
        "HideAndSeek.Self-play.ELO.sum": {
            "value": 122919.51931003972,
            "min": 16278.192337751983,
            "max": 149972.21832895878,
            "count": 76
        },
        "HideAndSeek.Step.mean": {
            "value": 1949946.0,
            "min": 1199923.0,
            "max": 1949946.0,
            "count": 76
        },
        "HideAndSeek.Step.sum": {
            "value": 1949946.0,
            "min": 1199923.0,
            "max": 1949946.0,
            "count": 76
        },
        "HideAndSeek.Policy.ExtrinsicValueEstimate.mean": {
            "value": -13.820948600769043,
            "min": -72.63471221923828,
            "max": 49.64168930053711,
            "count": 76
        },
        "HideAndSeek.Policy.ExtrinsicValueEstimate.sum": {
            "value": -1382.0948486328125,
            "min": -7263.47119140625,
            "max": 5065.80517578125,
            "count": 76
        },
        "HideAndSeek.Environment.CumulativeReward.mean": {
            "value": -31.98,
            "min": -153.78,
            "max": 168.96,
            "count": 76
        },
        "HideAndSeek.Environment.CumulativeReward.sum": {
            "value": -3198.0,
            "min": -15378.0,
            "max": 16896.0,
            "count": 76
        },
        "HideAndSeek.Policy.ExtrinsicReward.mean": {
            "value": -31.98,
            "min": -153.78,
            "max": 168.96,
            "count": 76
        },
        "HideAndSeek.Policy.ExtrinsicReward.sum": {
            "value": -3198.0,
            "min": -15378.0,
            "max": 16896.0,
            "count": 76
        },
        "HideAndSeek.IsTraining.mean": {
            "value": 1.0,
            "min": 1.0,
            "max": 1.0,
            "count": 76
        },
        "HideAndSeek.IsTraining.sum": {
            "value": 1.0,
            "min": 1.0,
            "max": 1.0,
            "count": 76
        },
        "HideAndSeek.Losses.PolicyLoss.mean": {
            "value": 0.01762462071686362,
            "min": 0.00921145638761421,
            "max": 0.021416067095318188,
            "count": 36
        },
        "HideAndSeek.Losses.PolicyLoss.sum": {
            "value": 0.01762462071686362,
            "min": 0.00921145638761421,
            "max": 0.021416067095318188,
            "count": 36
        },
        "HideAndSeek.Losses.ValueLoss.mean": {
            "value": 1404.398193359375,
            "min": 1078.9801900227865,
            "max": 2636.6982259114584,
            "count": 36
        },
        "HideAndSeek.Losses.ValueLoss.sum": {
            "value": 1404.398193359375,
            "min": 1078.9801900227865,
            "max": 2636.6982259114584,
            "count": 36
        },
        "HideAndSeek.Policy.LearningRate.mean": {
            "value": 0.0003,
            "min": 0.0003,
            "max": 0.0003,
            "count": 36
        },
        "HideAndSeek.Policy.LearningRate.sum": {
            "value": 0.0003,
            "min": 0.0003,
            "max": 0.0003,
            "count": 36
        },
        "HideAndSeek.Policy.Epsilon.mean": {
            "value": 0.20000000000000007,
            "min": 0.20000000000000007,
            "max": 0.20000000000000007,
            "count": 36
        },
        "HideAndSeek.Policy.Epsilon.sum": {
            "value": 0.20000000000000007,
            "min": 0.20000000000000007,
            "max": 0.20000000000000007,
            "count": 36
        },
        "HideAndSeek.Policy.Beta.mean": {
            "value": 0.005000000000000001,
            "min": 0.005000000000000001,
            "max": 0.005000000000000001,
            "count": 36
        },
        "HideAndSeek.Policy.Beta.sum": {
            "value": 0.005000000000000001,
            "min": 0.005000000000000001,
            "max": 0.005000000000000001,
            "count": 36
        }
    },
    "metadata": {
        "timer_format_version": "0.1.0",
        "start_time_seconds": "1734618677",
        "python_version": "3.10.12 (main, Oct 23 2024, 17:55:59) [MSC v.1941 64 bit (AMD64)]",
        "command_line_arguments": "D:\\Projects\\ML_HideAndSeek\\venv\\Scripts\\mlagents-learn TrainerConfig/HideAndSeek.yaml --num-envs=10 --env=Builds/ML_HideAndSeek.exe --time-scale 1 --resume --run-id=BuildTraining/Training1",
        "mlagents_version": "1.1.0",
        "mlagents_envs_version": "1.1.0",
        "communication_protocol_version": "1.5.0",
        "pytorch_version": "2.5.1+cu124",
        "numpy_version": "1.23.5",
        "end_time_seconds": "1734625096"
    },
    "total": 6419.389169299999,
    "count": 1,
    "self": 3.8682230999984313,
    "children": {
        "run_training.setup": {
            "total": 7.676130199999534,
            "count": 1,
            "self": 7.676130199999534
        },
        "TrainerController.start_learning": {
            "total": 6407.844816000001,