{
    "name": "root",
    "gauges": {
        "HideAndSeek.Policy.Entropy.mean": {
            "value": 3.1928625106811523,
            "min": 3.183971643447876,
            "max": 3.2100484371185303,
            "count": 12
        },
        "HideAndSeek.Policy.Entropy.sum": {
            "value": 63857.25,
            "min": 63679.43359375,
            "max": 64200.96875,
            "count": 12
        },
        "HideAndSeek.Environment.SeekersMeanX.mean": {
            "value": -1.0428436429738959,
            "min": -1.7442816611092244,
            "max": -0.8486554497101507,
            "count": 12
        },
        "HideAndSeek.Environment.SeekersMeanX.sum": {
            "value": -104284.36429738958,
            "min": -174428.16611092244,
            "max": -84865.54497101507,
            "count": 12
        },
        "HideAndSeek.Environment.SeekersMeanZ.mean": {
            "value": 1.2459118491729695,
            "min": 0.3283100271595197,
            "max": 1.480903999967094,
            "count": 12
        },
        "HideAndSeek.Environment.SeekersMeanZ.sum": {
            "value": 124591.18491729695,
            "min": 32831.00271595197,
            "max": 148090.3999967094,
            "count": 12
        },
        "HideAndSeek.Environment.HidersMeanX.mean": {
            "value": 5.781022791027387,
            "min": 4.870211013489087,
            "max": 6.238089374944665,
            "count": 12
        },
        "HideAndSeek.Environment.HidersMeanX.sum": {
            "value": 578102.2791027387,
            "min": 487021.1013489086,
            "max": 623808.9374944665,
            "count": 12
        },
        "HideAndSeek.Environment.HidersMeanZ.mean": {
            "value": -5.67917611418263,
            "min": -6.114552181451437,
            "max": -4.495915032443445,
            "count": 12
        },
        "HideAndSeek.Environment.HidersMeanZ.sum": {
            "value": -567917.6114182629,
            "min": -611455.2181451437,
            "max": -449591.5032443445,
            "count": 12
        },
        "HideAndSeek.Environment.EpisodeLength.mean": {
            "value": 99.0,
            "min": 99.0,
            "max": 99.0,
            "count": 12
        },
        "HideAndSeek.Environment.EpisodeLength.sum": {
            "value": 19800.0,
            "min": 19800.0,
            "max": 19800.0,
            "count": 12
        },
        "HideAndSeek.Environment.TimeHidden.mean": {
            "value": 0.8277333334088326,
            "min": 0.79503333568573,
            "max": 0.8325999984145165,
            "count": 12
        },
        "HideAndSeek.Environment.TimeHidden.sum": {
            "value": 165.5466666817665,
            "min": 159.006667137146,
            "max": 166.5199996829033,
            "count": 12
        },
        "HideAndSeek.Self-play.ELO.mean": {
            "value": 1303.7725097401042,
            "min": 1211.5312056916043,
            "max": 1303.7725097401042,
            "count": 12
        },
        "HideAndSeek.Self-play.ELO.sum": {
            "value": 130377.25097401041,
            "min": 121153.12056916043,
            "max": 130377.25097401041,
            "count": 12
        },
        "HideAndSeek.Step.mean": {
            "value": 119900.0,
            "min": 9900.0,
            "max": 119900.0,
            "count": 12
        },
        "HideAndSeek.Step.sum": {
            "value": 119900.0,
            "min": 9900.0,
            "max": 119900.0,
            "count": 12
        },
        "HideAndSeek.Policy.ExtrinsicValueEstimate.mean": {
            "value": 86.00518798828125,
            "min": 0.13471472263336182,
            "max": 86.00518798828125,
            "count": 12
        },
        "HideAndSeek.Policy.ExtrinsicValueEstimate.sum": {
            "value": 8600.5185546875,
            "min": 13.33675765991211,
            "max": 8600.5185546875,
            "count": 12
        },
        "HideAndSeek.Environment.CumulativeReward.mean": {
            "value": 195.1,
            "min": 177.22,
            "max": 200.54,
            "count": 12
        },
        "HideAndSeek.Environment.CumulativeReward.sum": {
            "value": 19510.0,
            "min": 17722.0,
            "max": 20054.0,
            "count": 12
        },
        "HideAndSeek.Policy.ExtrinsicReward.mean": {
            "value": 195.1,
            "min": 177.22,
            "max": 200.54,
            "count": 12
        },
        "HideAndSeek.Policy.ExtrinsicReward.sum": {
            "value": 19510.0,
            "min": 17722.0,
            "max": 20054.0,
            "count": 12
        },
        "HideAndSeek.IsTraining.mean": {
            "value": 1.0,
            "min": 1.0,
            "max": 1.0,
            "count": 12
        },
        "HideAndSeek.IsTraining.sum": {
            "value": 1.0,
            "min": 1.0,
            "max": 1.0,
            "count": 12
        },
        "HideAndSeek.Losses.PolicyLoss.mean": {
            "value": 0.014227351146594932,
            "min": 0.014227351146594932,
            "max": 0.01780273001641035,
            "count": 5
        },
        "HideAndSeek.Losses.PolicyLoss.sum": {
            "value": 0.014227351146594932,
            "min": 0.014227351146594932,
            "max": 0.01780273001641035,
            "count": 5
        },
        "HideAndSeek.Losses.ValueLoss.mean": {
            "value": 1222.0161499023438,
            "min": 989.8002014160156,
            "max": 1222.0161499023438,
            "count": 5
        },
        "HideAndSeek.Losses.ValueLoss.sum": {
            "value": 1222.0161499023438,
            "min": 989.8002014160156,
            "max": 1222.0161499023438,
            "count": 5
        },
        "HideAndSeek.Policy.LearningRate.mean": {
            "value": 0.0003,
            "min": 0.0003,
            "max": 0.0003,
            "count": 5
        },
        "HideAndSeek.Policy.LearningRate.sum": {
            "value": 0.0003,
            "min": 0.0003,
            "max": 0.0003,
            "count": 5
        },
        "HideAndSeek.Policy.Epsilon.mean": {
            "value": 0.20000000000000007,
            "min": 0.20000000000000007,
            "max": 0.20000000000000007,
            "count": 5
        },
        "HideAndSeek.Policy.Epsilon.sum": {
            "value": 0.20000000000000007,
            "min": 0.20000000000000007,
            "max": 0.20000000000000007,
            "count": 5
        },
        "HideAndSeek.Policy.Beta.mean": {
            "value": 0.005000000000000001,
            "min": 0.005000000000000001,
            "max": 0.005000000000000001,
            "count": 5
        },
        "HideAndSeek.Policy.Beta.sum": {
            "value": 0.005000000000000001,
            "min": 0.005000000000000001,
            "max": 0.005000000000000001,
            "count": 5
        }
    },
    "metadata": {
        "timer_format_version": "0.1.0",
        "start_time_seconds": "1731937833",
        "python_version": "3.10.12 (main, Jun  8 2023, 17:32:40) [MSC v.1936 64 bit (AMD64)]",
        "command_line_arguments": "E:\\Projects\\ML_HideAndSeek\\venv\\Scripts\\mlagents-learn TrainerConfig/HideAndSeek.yaml --force --run-id=Test1",
        "mlagents_version": "1.1.0",
        "mlagents_envs_version": "1.1.0",
        "communication_protocol_version": "1.5.0",
        "pytorch_version": "2.2.2+cu121",
        "numpy_version": "1.23.5",
        "end_time_seconds": "1731938321"
    },
    "total": 488.25620809999964,
    "count": 1,
    "self": 0.008255400003690738,
    "children": {
        "run_training.setup": {
            "total": 0.22151149999990594,
            "count": 1,
            "self": 0.22151149999990594
        },
        "TrainerController.start_learning": {
            "total": 488.02644119999604,
            "count": 1,
            "self": 0.2582309005447314,