{
    "name": "root",
    "gauges": {
        "HideAndSeek.Policy.Entropy.mean": {
            "value": 3.0831923484802246,
            "min": 3.0630855560302734,
            "max": 3.209768056869507,
            "count": 102
        },
        "HideAndSeek.Policy.Entropy.sum": {
            "value": 63054.3671875,
            "min": 54470.4296875,
            "max": 73055.34375,
            "count": 102
        },
        "HideAndSeek.Environment.SeekersMeanX.mean": {
            "value": -0.36348706388569396,
            "min": -3.099953462374285,
            "max": 0.9029913803014101,
            "count": 102
        },
        "HideAndSeek.Environment.SeekersMeanX.sum": {
            "value": -19991.788513713167,
            "min": -154997.67311871424,
            "max": 45149.569015070505,
            "count": 102
        },
        "HideAndSeek.Environment.SeekersMeanZ.mean": {
            "value": 1.379837551298653,
            "min": -0.6286645687765976,
            "max": 3.7324063356534114,
            "count": 102
        },
        "HideAndSeek.Environment.SeekersMeanZ.sum": {
            "value": 75891.06532142591,
            "min": -34576.55128271287,
            "max": 196781.36836321955,
            "count": 102
        },
        "HideAndSeek.Environment.HidersMeanX.mean": {
            "value": 9.048483389106833,
            "min": 3.056149473040256,
            "max": 9.500948692268832,
            "count": 102
        },
        "HideAndSeek.Environment.HidersMeanX.sum": {
            "value": 497666.5864008758,
            "min": 137526.72628681152,
            "max": 522552.17807478574,
            "count": 102
        },
        "HideAndSeek.Environment.HidersMeanZ.mean": {
            "value": -6.125084512664096,
            "min": -8.30179916940418,
            "max": -0.7155597483565248,
            "count": 102
        },
        "HideAndSeek.Environment.HidersMeanZ.sum": {
            "value": -336879.6481965253,
            "min": -440201.339383672,
            "max": -35777.98741782624,
            "count": 102
        },
        "HideAndSeek.Environment.EpisodeLength.mean": {
            "value": 99.25,
            "min": 99.15028901734104,
            "max": 99.27722772277228,
            "count": 102
        },
        "HideAndSeek.Environment.EpisodeLength.sum": {
            "value": 20247.0,
            "min": 17153.0,
            "max": 23122.0,
            "count": 102
        },
        "HideAndSeek.Environment.TimeHidden.mean": {
            "value": 0.5496969700536944,
            "min": 0.2982962950029307,
            "max": 0.5772666675969959,
            "count": 102
        },
        "HideAndSeek.Environment.TimeHidden.sum": {
            "value": 60.46666670590639,
            "min": 26.846666550263762,
            "max": 62.47333353757858,
            "count": 102
        },
        "HideAndSeek.Self-play.ELO.mean": {
            "value": 1199.724788741955,
            "min": 1172.235428916287,
            "max": 1313.1793319817123,
            "count": 102
        },
        "HideAndSeek.Self-play.ELO.sum": {
            "value": 128370.5523953892,
            "min": 107189.58912026299,
            "max": 138076.22859394894,
            "count": 102
        },
        "HideAndSeek.Step.mean": {
            "value": 1019961.0,
            "min": 9919.0,
            "max": 1019961.0,
            "count": 102
        },
        "HideAndSeek.Step.sum": {
            "value": 1019961.0,
            "min": 9919.0,
            "max": 1019961.0,
            "count": 102
        },
        "HideAndSeek.Policy.ExtrinsicValueEstimate.mean": {
            "value": -39.680259704589844,
            "min": -55.05001449584961,
            "max": 47.827362060546875,
            "count": 102
        },
        "HideAndSeek.Policy.ExtrinsicValueEstimate.sum": {
            "value": -3968.02587890625,
            "min": -5505.00146484375,
            "max": 4782.736328125,
            "count": 102
        },
        "HideAndSeek.Environment.CumulativeReward.mean": {
            "value": -6.36,
            "min": -127.9,
            "max": 147.37373737373738,
            "count": 102
        },
        "HideAndSeek.Environment.CumulativeReward.sum": {
            "value": -636.0,
            "min": -12790.0,
            "max": 14590.0,
            "count": 102
        },
        "HideAndSeek.Policy.ExtrinsicReward.mean": {
            "value": -6.36,
            "min": -127.9,
            "max": 147.37373737373738,
            "count": 102
        },
        "HideAndSeek.Policy.ExtrinsicReward.sum": {
            "value": -636.0,
            "min": -12790.0,
            "max": 14590.0,
            "count": 102
        },
        "HideAndSeek.IsTraining.mean": {
            "value": 1.0,
            "min": 1.0,
            "max": 1.0,
            "count": 102
        },
        "HideAndSeek.IsTraining.sum": {
            "value": 1.0,
            "min": 1.0,
            "max": 1.0,
            "count": 102
        },
        "HideAndSeek.Losses.PolicyLoss.mean": {
            "value": 0.02096109081758186,
            "min": 0.01238290428664186,
            "max": 0.02232701752218418,
            "count": 48
        },
        "HideAndSeek.Losses.PolicyLoss.sum": {
            "value": 0.02096109081758186,
            "min": 0.01238290428664186,
            "max": 0.02232701752218418,
            "count": 48
        },
        "HideAndSeek.Losses.ValueLoss.mean": {
            "value": 1927.4489583333334,
            "min": 1114.8786966959635,
            "max": 5155.3267578125,
            "count": 48
        },
        "HideAndSeek.Losses.ValueLoss.sum": {
            "value": 1927.4489583333334,
            "min": 1114.8786966959635,
            "max": 5155.3267578125,
            "count": 48
        },
        "HideAndSeek.Policy.LearningRate.mean": {
            "value": 0.0003,
            "min": 0.0003,
            "max": 0.0003,
            "count": 48
        },
        "HideAndSeek.Policy.LearningRate.sum": {
            "value": 0.0003,
            "min": 0.0003,
            "max": 0.0003,
            "count": 48
        },
        "HideAndSeek.Policy.Epsilon.mean": {
            "value": 0.20000000000000007,
            "min": 0.20000000000000007,
            "max": 0.20000000000000007,
            "count": 48
        },
        "HideAndSeek.Policy.Epsilon.sum": {
            "value": 0.20000000000000007,
            "min": 0.20000000000000007,
            "max": 0.20000000000000007,
            "count": 48
        },
        "HideAndSeek.Policy.Beta.mean": {
            "value": 0.005000000000000001,
            "min": 0.005000000000000001,
            "max": 0.005000000000000001,
            "count": 48
        },
        "HideAndSeek.Policy.Beta.sum": {
            "value": 0.005000000000000001,
            "min": 0.005000000000000001,
            "max": 0.005000000000000001,
            "count": 48
        }
    },
    "metadata": {
        "timer_format_version": "0.1.0",
        "start_time_seconds": "1734120733",
        "python_version": "3.10.12 (main, Jun  8 2023, 17:32:40) [MSC v.1936 64 bit (AMD64)]",
        "command_line_arguments": "E:\\Projects\\ML_HideAndSeek\\venv\\Scripts\\mlagents-learn TrainerConfig/HideAndSeek.yaml --force --run-id=Test1",
        "mlagents_version": "1.1.0",
        "mlagents_envs_version": "1.1.0",
        "communication_protocol_version": "1.5.0",
        "pytorch_version": "2.2.2+cu121",
        "numpy_version": "1.23.5",
        "end_time_seconds": "1734126921"
    },
    "total": 6187.791059399955,
    "count": 1,
    "self": 0.007249099900946021,
    "children": {
        "run_training.setup": {
            "total": 0.14187060005497187,
            "count": 1,
            "self": 0.14187060005497187
        },
        "TrainerController.start_learning": {
            "total": 6187.641939699999,
            "count": 1,
            "self": 3.6320012654177845,