{
    "name": "root",
    "gauges": {
        "HideAndSeek.Policy.Entropy.mean": {
            "value": 3.211880683898926,
            "min": 3.1909778118133545,
            "max": 3.2181918621063232,
            "count": 31
        },
        "HideAndSeek.Policy.Entropy.sum": {
            "value": 56901.6796875,
            "min": 42372.78125,
            "max": 80554.921875,
            "count": 31
        },
        "HideAndSeek.Environment.SeekersMeanX.mean": {
            "value": 0.035063939385209235,
            "min": -2.501289496371437,
            "max": 0.17765950210401013,
            "count": 31
        },
        "HideAndSeek.Environment.SeekersMeanX.sum": {
            "value": 1577.8772723344155,
            "min": -116355.55999799503,
            "max": 7994.6775946804555,
            "count": 31
        },
        "HideAndSeek.Environment.SeekersMeanZ.mean": {
            "value": 1.0468518714849113,
            "min": -0.5178329954337726,
            "max": 1.9687173008536984,
            "count": 31
        },
        "HideAndSeek.Environment.SeekersMeanZ.sum": {
            "value": 47108.33421682101,
            "min": -31069.97972602636,
            "max": 100663.06658556021,
            "count": 31
        },
        "HideAndSeek.Environment.HidersMeanX.mean": {
            "value": 2.2101797999341093,
            "min": 0.20593232024481045,
            "max": 3.589468446353541,
            "count": 31
        },
        "HideAndSeek.Environment.HidersMeanX.sum": {
            "value": 99458.09099703492,
            "min": 9271.073057421367,
            "max": 161526.08008590934,
            "count": 31
        },
        "HideAndSeek.Environment.HidersMeanZ.mean": {
            "value": -2.048854090123673,
            "min": -3.131161725715909,
            "max": -0.431211953680371,
            "count": 31
        },
        "HideAndSeek.Environment.HidersMeanZ.sum": {
            "value": -92198.43405556527,
            "min": -179685.7150936966,
            "max": -19413.162154690304,
            "count": 31
        },
        "HideAndSeek.Environment.EpisodeLength.mean": {
            "value": 149.135593220339,
            "min": 149.09701492537314,
            "max": 149.26415094339623,
            "count": 31
        },
        "HideAndSeek.Environment.EpisodeLength.sum": {
            "value": 17598.0,
            "min": 13135.0,
            "max": 24913.0,
            "count": 31
        },
        "HideAndSeek.Environment.TimeHidden.mean": {
            "value": 0.45637037117655077,
            "min": 0.3531851852312684,
            "max": 0.5628333313157782,
            "count": 31
        },
        "HideAndSeek.Environment.TimeHidden.sum": {
            "value": 27.382222270593047,
            "min": 15.05333337187767,
            "max": 45.026666505262256,
            "count": 31
        },
        "HideAndSeek.Self-play.ELO.mean": {
            "value": 1197.786360476935,
            "min": 1197.618569797805,
            "max": 1199.7151123292563,
            "count": 31
        },
        "HideAndSeek.Self-play.ELO.sum": {
            "value": 56295.95894241595,
            "min": 33580.34785229012,
            "max": 97172.95327429319,
            "count": 31
        },
        "HideAndSeek.Step.mean": {
            "value": 309851.0,
            "min": 9911.0,
            "max": 309851.0,
            "count": 31
        },
        "HideAndSeek.Step.sum": {
            "value": 309851.0,
            "min": 9911.0,
            "max": 309851.0,
            "count": 31
        },
        "HideAndSeek.Policy.ExtrinsicValueEstimate.mean": {
            "value": -0.3896239995956421,
            "min": -1.7558478116989136,
            "max": -0.19037748873233795,
            "count": 31
        },
        "HideAndSeek.Policy.ExtrinsicValueEstimate.sum": {
            "value": -25.71518325805664,
            "min": -117.64179992675781,
            "max": -12.56491470336914,
            "count": 31
        },
        "HideAndSeek.Environment.CumulativeReward.mean": {
            "value": 0.0,
            "min": -10.776119402985074,
            "max": 0.0,
            "count": 31
        },
        "HideAndSeek.Environment.CumulativeReward.sum": {
            "value": 0.0,
            "min": -722.0,
            "max": 0.0,
            "count": 31
        },
        "HideAndSeek.Policy.ExtrinsicReward.mean": {
            "value": 0.0,
            "min": -10.776119402985074,
            "max": 0.0,
            "count": 31
        },
        "HideAndSeek.Policy.ExtrinsicReward.sum": {
            "value": 0.0,
            "min": -722.0,
            "max": 0.0,
            "count": 31
        },
        "HideAndSeek.IsTraining.mean": {
            "value": 1.0,
            "min": 1.0,
            "max": 1.0,
            "count": 31
        },
        "HideAndSeek.IsTraining.sum": {
            "value": 1.0,
            "min": 1.0,
            "max": 1.0,
            "count": 31
        },
        "HideAndSeek.Losses.PolicyLoss.mean": {
            "value": 0.016706424004708727,
            "min": 0.011906197847565636,
            "max": 0.02358721878360181,
            "count": 14
        },
        "HideAndSeek.Losses.PolicyLoss.sum": {
            "value": 0.016706424004708727,
            "min": 0.011906197847565636,
            "max": 0.02358721878360181,
            "count": 14
        },
        "HideAndSeek.Losses.ValueLoss.mean": {
            "value": 0.3368124800423781,
            "min": 0.03605345456550519,
            "max": 25.61633648294391,
            "count": 14
        },
        "HideAndSeek.Losses.ValueLoss.sum": {
            "value": 0.3368124800423781,
            "min": 0.03605345456550519,
            "max": 25.61633648294391,
            "count": 14
        },
        "HideAndSeek.Policy.LearningRate.mean": {
            "value": 0.0003,
            "min": 0.0003,
            "max": 0.0003,
            "count": 14
        },
        "HideAndSeek.Policy.LearningRate.sum": {
            "value": 0.0003,
            "min": 0.0003,
            "max": 0.0003,
            "count": 14
        },
        "HideAndSeek.Policy.Epsilon.mean": {
            "value": 0.20000000000000007,
            "min": 0.2,
            "max": 0.20000000000000007,
            "count": 14
        },
        "HideAndSeek.Policy.Epsilon.sum": {
            "value": 0.20000000000000007,
            "min": 0.2,
            "max": 0.20000000000000007,
            "count": 14
        },
        "HideAndSeek.Policy.Beta.mean": {
            "value": 0.005000000000000001,
            "min": 0.005,
            "max": 0.005000000000000001,
            "count": 14
        },
        "HideAndSeek.Policy.Beta.sum": {
            "value": 0.005000000000000001,
            "min": 0.005,
            "max": 0.005000000000000001,
            "count": 14
        }
    },
    "metadata": {
        "timer_format_version": "0.1.0",
        "start_time_seconds": "1734017038",
        "python_version": "3.10.12 (main, Jun  8 2023, 17:32:40) [MSC v.1936 64 bit (AMD64)]",
        "command_line_arguments": "E:\\Projects\\ML_HideAndSeek\\venv\\Scripts\\mlagents-learn TrainerConfig/HideAndSeek.yaml --force --run-id=Run1",
        "mlagents_version": "1.1.0",
        "mlagents_envs_version": "1.1.0",
        "communication_protocol_version": "1.5.0",
        "pytorch_version": "2.2.2+cu121",
        "numpy_version": "1.23.5",
        "end_time_seconds": "1734017971"
    },
    "total": 933.248857999919,
    "count": 1,
    "self": 0.0059348997892811894,
    "children": {
        "run_training.setup": {
            "total": 0.10733050003182143,
            "count": 1,
            "self": 0.10733050003182143
        },
        "TrainerController.start_learning": {
            "total": 933.1355926000979,
            "count": 1,
            "self": 0.2743463007500395,