{
    "name": "root",
    "metadata": {
        "timer_format_version": "0.1.0",
        "start_time_seconds": "1736161658",
        "python_version": "3.10.12 (main, Oct 23 2024, 17:55:59) [MSC v.1941 64 bit (AMD64)]",
        "command_line_arguments": "D:\\Projects\\ML_HideAndSeek\\venv\\Scripts\\mlagents-learn TrainerConfig/HiderVsSeekerPOCA.yaml --num-areas=10 --num-envs=2 --env=Builds/MA_POCA/ML_HideAndSeek.exe --time-scale=1 --no-graphics --run-id=BuildTraining/MA_POCA_NO_Stacking/5120_100000_NOSTACK",
        "mlagents_version": "1.1.0",
        "mlagents_envs_version": "1.1.0",
        "communication_protocol_version": "1.5.0",
        "pytorch_version": "2.5.1+cu124",
        "numpy_version": "1.23.5",
        "end_time_seconds": "1736161761"
    },
    "total": 103.58760970000003,
    "count": 1,
    "self": 2.775883700000122,
    "children": {
        "run_training.setup": {
            "total": 0.13505609999992885,
            "count": 1,
            "self": 0.13505609999992885
        },
        "TrainerController.start_learning": {
            "total": 100.67666989999998,
            "count": 1,
            "self": 0.0695450999996865,
            "children": {
                "TrainerController._reset_env": {
                    "total": 5.299669800000174,
                    "count": 1,
                    "self": 5.299669800000174
                },
                "TrainerController.advance": {
                    "total": 93.7824813000002,
                    "count": 2722,
                    "self": 0.0990822999883676,
                    "children": {
                        "env_step": {
                            "total": 68.43053860000828,
                            "count": 2722,
                            "self": 18.55521219999082,
                            "children": {
                                "SubprocessEnvManager._take_step": {
                                    "total": 49.83705839999766,
                                    "count": 2723,
                                    "self": 0.4572361999653367,
                                    "children": {
                                        "TorchPolicy.evaluate": {
                                            "total": 49.37982220003232,
                                            "count": 5446,
                                            "self": 49.37982220003232
                                        }
                                    }
                                },
                                "workers": {
                                    "total": 0.03826800001979791,
                                    "count": 2722,
                                    "self": 0.0,
                                    "children": {
                                        "worker_root": {
                                            "total": 190.0232160999949,
                                            "count": 2722,
                                            "is_parallel": true,
                                            "self": 116.20516859999452,
                                            "children": {
                                                "steps_from_proto": {
                                                    "total": 0.010060000000066793,
                                                    "count": 4,
                                                    "is_parallel": true,
                                                    "self": 0.0010908000012932462,
                                                    "children": {
                                                        "_process_rank_one_or_two_observation": {
                                                            "total": 0.008969199998773547,
                                                            "count": 48,
                                                            "is_parallel": true,
                                                            "self": 0.008969199998773547
                                                        }
                                                    }
                                                },
                                                "UnityEnvironment.step": {
                                                    "total": 73.80798750000031,
                                                    "count": 2722,
                                                    "is_parallel": true,
                                                    "self": 8.62973410001814,
                                                    "children": {
                                                        "UnityEnvironment._generate_step_input": {
                                                            "total": 1.3640404999991915,
                                                            "count": 2722,
                                                            "is_parallel": true,
                                                            "self": 1.3640404999991915
                                                        },
                                                        "communicator.exchange": {
                                                            "total": 48.7998050999995,
                                                            "count": 2722,
                                                            "is_parallel": true,
                                                            "self": 48.7998050999995
                                                        },
                                                        "steps_from_proto": {
                                                            "total": 15.014407799983474,
                                                            "count": 5444,
                                                            "is_parallel": true,
                                                            "self": 1.3582528000115417,
                                                            "children": {
                                                                "_process_rank_one_or_two_observation": {
                                                                    "total": 13.656154999971932,
                                                                    "count": 65328,
                                                                    "is_parallel": true,
                                                                    "self": 13.656154999971932
                                                                }
                                                            }
                                                        }
                                                    }
                                                }
                                            }
                                        }
                                    }
                                }
                            }
                        },
                        "trainer_advance": {
                            "total": 25.252860400003556,
                            "count": 5442,
                            "self": 0.4034657000311199,
                            "children": {
                                "process_trajectory": {
                                    "total": 24.849394699972436,
                                    "count": 5442,
                                    "self": 24.849394699972436
                                }
                            }
                        }
                    }
                },
                "trainer_threads": {
                    "total": 3.900000137946336e-06,
                    "count": 1,
                    "self": 3.900000137946336e-06
                },
                "TrainerController._save_models": {
                    "total": 1.5249697999997807,
                    "count": 1,